{"entities":{"pages":{"starter":{"id":"starter","title":"Introduction to MongoDB","url":"starter.html","level":0,"tabIndex":0},"Data-Models-and-Data-Types":{"id":"Data-Models-and-Data-Types","title":"Data Models and Data Types","url":"data-models-and-data-types.html","level":0,"pages":["Data-Types"],"tabIndex":1},"Data-Types":{"id":"Data-Types","title":"Data Types","url":"data-types.html","level":1,"parentId":"Data-Models-and-Data-Types","tabIndex":0}}},"topLevelIds":["starter","Data-Models-and-Data-Types"]}